<?xml version="1.0"?>
<!DOCTYPE overlay SYSTEM "chrome://stacklink/locale/stacklink.dtd">
<bindings 
		  xmlns="http://www.mozilla.org/xbl"
          xmlns:xul="http://www.mozilla.org/keymaster/gatekeeper/there.is.only.xul"
          xmlns:xbl="http://www.mozilla.org/xbl">

	<binding id="stacklink-item" extends="chrome://global/content/bindings/popup.xml#panel">
		<content>
			<xul:hbox align="center" flex="1" >
				<xul:label class='stacklink-item-label' anonid="stacklink-label" xbl:inherits="xbl:text=label" flex="1" />	
				<xul:hbox align="center">
					<xul:image id="stacklink-item-close" />
				</xul:hbox>	
			</xul:hbox>
		</content>

		<handlers>
		  <handler event="click">
		  	var target;
		  	if (event.originalTarget.nodeName == "xul:label") {
		  		target = 'item';
		  	}
		  	else if (event.originalTarget.nodeName == "xul:image")
		  	{
		  		target = 'close';
		  	}
		  	this._onitemclick({event:event, target:target, element:this, title:this._title, url:this._url});
		  </handler>
		</handlers>
				
		<implementation>	
			<field name="_title">""</field>
			<field name="_url">""</field>
			<field name="_viewtype">false</field>
			<field name="_onitemclick">null</field>
			<field name="_itemclicked">false</field>

			<property name="height">
        		<getter>
        			return this.boxObject.height;
        		</getter>	
         	</property>
			<property name="title">
        		<getter>
        			return this._title;
        		</getter>
        		<setter>
        			this._title = val;
					switch (this._viewtype) {
					case 'start':
					case 'center':
					case 'end': 
        				var label = document.getAnonymousElementByAttribute(this, "anonid", "stacklink-label");
        				label.value = val;
        				label.crop = this._viewtype;						
						break;
					case 'wrap': 
						this.setAttribute('label', val);
						break;
					}        			
        			this.setAttribute('tooltiptext', val);
        		</setter>	
         	</property>
			<property name="url">
        		<getter>
        			return this._url;
        		</getter>
        		<setter>
        			this._url = val;
        		</setter>	
         	</property>
         	<property name="viewType">
        		<setter>
        			this._viewtype = val;
        		</setter>	
         	</property>    	
 			<property name="onItemClick">
 				<getter>
        			return this._onitemclick;
        		</getter>
        		<setter>
        			this._onitemclick = val;
        		</setter>		
         	</property>
         	<property name="itemClicked">
        		<getter>
        			return this._itemclicked;
        		</getter>
        		<setter>
        			this._itemclicked = val;
        		</setter>	
         	</property>
		</implementation>
	</binding>	
	
	<binding id="group-item">
		<content>	
			<xul:label class='stacklink-item-label' anonid="stacklink-label" xbl:inherits="xbl:text=label" flex="1"  context="group-contextmenu"/>
      		<xul:menupopup anonid="group-contextmenu">
        		<xul:menuitem label="&stacklink.groupitem.contextmenu.new;" 
        			oncommand="stacklink_106ec9de_7db3_40c6_93c2_39563e25a8d6.stackpanel.groupItemContextMenuClick(this, 'new');"/>	
        		<xul:menuitem label="&stacklink.groupitem.contextmenu.rename;" 
        			oncommand="stacklink_106ec9de_7db3_40c6_93c2_39563e25a8d6.stackpanel.groupItemContextMenuClick(this, 'rename');"/>
        		<xul:menuitem label="&stacklink.groupitem.contextmenu.delete;" 
        			oncommand="stacklink_106ec9de_7db3_40c6_93c2_39563e25a8d6.stackpanel.groupItemContextMenuClick(this, 'delete');" />
     		</xul:menupopup>
		</content>

		<handlers>
		  <handler event="click" button='0'>
		  	var context = document.getAnonymousElementByAttribute(this, "anonid", "group-contextmenu");
		  	if(context.state == 'closed')
		  		this._onclick({event:event, element:this, title:this._title, key:this.getAttribute('key')});
		  </handler>
		  <handler event="mouseup" button='2'>
		  	this._onclick({event:event, element:this, title:this._title, key:this.getAttribute('key')});
		  	var context = document.getAnonymousElementByAttribute(this, "anonid", "group-contextmenu");
		  	context.openPopupAtScreen(event.screenX, event.screenY, false);  	
		  </handler>
		</handlers>
				
		<implementation>
			<field name="_title">""</field>
			<field name="_items">null</field>
			<field name="_oncontextmenuclick">null</field>
			<field name="_onclick">null</field>
			
			<constructor><![CDATA[
				//var label = document.getAnonymousElementByAttribute(this, "anonid", "stacklink-label");
				this.style.crop="end";
				this._items = [];
			]]></constructor>			
			
			<property name="title">
        		<getter>
        			return this.getAttribute('label');
        		</getter>
        		<setter>
        			this.setAttribute('label', val);
        			this.setAttribute('tooltiptext', val);
        		</setter>	
         	</property>
			<property name="items">
        		<getter>
        			return this._items;
        		</getter>
        		<setter>
        			this._items = val;
        		</setter>	
         	</property> 
 			<property name="onContextMenuclick">
 				<getter>
        			return this._oncontextmenuclick;
        		</getter>
        		<setter>
        			this._oncontextmenuclick = val;
        		</setter>		
         	</property>    	
 			<property name="onClick">
 				<getter>
        			return this._onclick;
        		</getter>
        		<setter>
        			this._onclick = val;
        		</setter>		
         	</property> 
		</implementation>
	</binding>
	
	<binding id="item-panel" >
		<content>
			<xul:hbox anonid="item-scrollbox-panel" class="item-scrollbox-panel" flex="1">
				<xul:scrollbox anonid="item-scrollbox" 
					 class="item-scrollbox" 
					 orient="vertical" flex="1">
			    	<children/>
				</xul:scrollbox>
			  
				<xul:vbox class="item-scrollbar">
			  	<xul:slider anonid="item-slider"
		                        flex="1" 
		                        orient="vertical" 
		                        pageincrement="10" 
		                        xbl:inherits="curpos,maxpos">
			   		<xul:image class="item-scroll-bar" flex="1"/>
			    	</xul:slider>
			  	</xul:vbox>
			</xul:hbox>			
		</content>
		<implementation>
	      	<constructor>
	      		var obj = this;
				document.getAnonymousElementByAttribute(this, "anonid", "item-scrollbox").addEventListener("DOMMouseScroll", function(e) {obj.onScroll(e)}, false);
				document.getAnonymousElementByAttribute(this, "anonid", "item-slider").addEventListener("DOMMouseScroll", function(e) {obj.onScroll(e)}, false);
	      	</constructor>	
	      	
		 	<field name="_itemboxheight">0</field>         	      		
			<field name="_itempanel"/> 
			<field name="_toolpanel"/> 
			<field name="curpos" />
			      	
			<property name="items">
	        	<getter>
					return this.getItemScrollbox().childNodes;
	        	</getter>	
	        </property>	
			<property name="scrollpos">
	        	<getter>
	        		if(this.hasAttribute('scrollposBackup'))
	        		{
			        	var y = {};
				  		this.getScrollBoxObject().getPosition({}, y);
				  		return y.value;
				  	}
				  	else
				  	{
				  		return 0;
				  	}
	        	</getter>
	        	<setter>
					this.getScrollBoxObject().scrollTo(0, val);	        		
	        	</setter>	
	        </property>	
	        	      	
			<method name="onScroll">
				<parameter name="event"/>
				<body><![CDATA[	
	          		var detail = (event.detail > 0) ? 1 : -1;
	          		this.scrollBy(detail);
	          		event.preventDefault();
	          		event.stopPropagation();
	    		]]></body>
	    	</method>	
	    	
		    <method name="scrollBy">
				<parameter name="direction"/>
				<body><![CDATA[		
		    		var box = this.getScrollBoxObject();
		        	box.scrollByIndex(direction);
		        	var y = {};
			  		box.getPosition({}, y);
			  		this.curpos = y.value / 10;
			  		this.setAttribute("curpos", this.curpos);
				]]></body>
		    </method>
    	
			<method name="getScrollBoxObject">
				<body>
	          		var box = this.getItemScrollbox();
	          		return box.boxObject.QueryInterface(Components.interfaces.nsIScrollBoxObject);
				</body>
	      	</method>

			<method name="getItemScrollbox">
				<body>
	          		return document.getAnonymousElementByAttribute(this, "anonid", "item-scrollbox");
				</body>
	      	</method>
	      	
			<method name="getItemScrollboxPanel">
				<body>
	          		return document.getAnonymousElementByAttribute(this, "anonid", "item-scrollbox-panel");
				</body>
	      	</method>	      	
			
			<method name="reset">
				<body><![CDATA[	
					this._itemboxheight =0;	
					this.getScrollBoxObject().scrollTo(0, 0);
					this.setAttribute("curpos", 0);	
					this.setAttribute("maxpos", 0);	
				]]></body>
			</method>
				
			<method name="addElem">	
	        	<parameter name="elem"/>
				<body><![CDATA[	
						var box = this.getItemScrollbox();
						if(box.hasChildNodes())
						{
							box.insertBefore(elem, box.firstChild);
						}
						else
						{
							box.appendChild(elem);
						}
						
						this._itemboxheight+=elem.height;
						var maxh = parseInt(this.getAttribute('maxheight'));
			
						var container = this.getItemScrollboxPanel();
						if(this._itemboxheight > maxh)
						{
							container.setAttribute("height", maxh + 'px');
							this.setAttribute("maxpos", (this._itemboxheight-maxh)/10);
							this.setAttribute("curpos", this.curpos);
						}
						else	
						{
							container.setAttribute("height", (this._itemboxheight) + 'px');
						}													
				]]></body>		
			</method>
												
	        <method name="addItem">
	        	<parameter name="title"/>
	        	<parameter name="url"/>
	        	<parameter name="onclick"/>
	        	<parameter name="itemclicked"/>
				<body><![CDATA[							
						var elem = document.createElement("vbox");
						elem.className = "stacklink-item";
						var box = this.getItemScrollbox();
						
						if(box.hasChildNodes())
						{
							box.insertBefore(elem, box.firstChild);
						}
						else
						{
							box.appendChild(elem);
						}		
						
						if(itemclicked)
						{
							elem.itemClicked = itemclicked;
						}
			
						elem.viewType = this.getAttribute("viewtype");
						elem.title=title;
						elem.url=url;
						elem.onItemClick = onclick;
	 
						this._itemboxheight+=elem.height;
						var maxh = parseInt(this.getAttribute('maxheight'));
			
						var container = this.getItemScrollboxPanel();
						if(this._itemboxheight > maxh)
						{
							container.setAttribute("height", maxh + 'px');
							this.setAttribute("maxpos", (this._itemboxheight-maxh)/10);
							this.setAttribute("curpos", this.curpos);
						}
						else	
						{
							container.setAttribute("height", (this._itemboxheight) + 'px');
						}							
				]]></body>		
			</method>
					
			<method name="removeItem">
				<parameter name="elem"/>
				<body><![CDATA[	
					Application.console.log("removeItem");
						var itembox = this.getItemScrollbox();
						if(elem)
						{
							var force = false;
							if(itembox.lastChild == elem)
							{
							force = true;
							
							}

							var elemh = elem.height;
							this._itemboxheight-=(elem.height);					
							itembox.removeChild(elem);	
							
							var maxh = this.getAttribute('maxheight');	
							if(this._itemboxheight < maxh)
							{
								var container = this.getItemScrollboxPanel();
	
								container.setAttribute("height", (this._itemboxheight) + 'px');
								
								Application.console.log("container.hasAttribute('height') = " + container.hasAttribute("height"));
								if(container.hasAttribute("height"))
								{
									this.getScrollBoxObject().scrollTo(0, 0);
									this.setAttribute("maxpos", 0);
								}
							}
							else
							{
								Application.console.log("this._itemboxheight >= maxh _itemboxheight = " + this._itemboxheight);
								Application.console.log("this._itemboxheight >= maxh curpos = " + this.getAttribute("curpos"));
								Application.console.log("this._itemboxheight >= maxh maxpos = " + (this._itemboxheight-maxh)/10);
								
								var scrollbox = this.getItemScrollbox();
															
								this.setAttribute("maxpos", (this._itemboxheight-maxh)/10);	
								 
								var currentHeight = {};
								var height = {};
								var sb = this.getScrollBoxObject();
								sb.getPosition({}, currentHeight);
								
								if(sb.height + currentHeight.value > this._itemboxheight)
								{
									force = true;
								}
								Application.console.log("sb.height= " + sb.height);
								Application.console.log("currentHeight= " + currentHeight.value);
								 
								//var force = true;
					            if (force) {
					            	//var tmp =  this.getAttribute("curpos");
					            	//this._tmpcurpos = tmp;
					                //Application.console.log("curpos tmp = " + tmp);

					                //this.setAttribute("curpos", tmp);
					                Application.console.log("itembox.lastChild.title = "+ itembox.lastChild.title);

					                	Application.console.log("itembox.childNodes[0] == elem");
					                	sb.scrollTo(0, currentHeight.value-elemh);
					            }						
							}
						}
						else
						{
							while (itembox.firstChild) {
								itembox.removeChild(itembox.firstChild);
							}
						}
				]]></body>
			</method>	      	
	    </implementation>	    	
	</binding>	
	
	<binding id="main-panel" >
		<content>
		<xul:vbox>
			<xul:vbox id="item-box" flex="1"/>	
			<xul:vbox id="group-box" flex="1"/>
		</xul:vbox>	
		</content>
	
		<implementation>
	      	<constructor>
				this._itempanels = {};
	      	</constructor>	
       	      		
			<field name="_itempanel"/> 
			<field name="_toolpanel"/> 			
			<field name="_itempanels"/>

			<property name="itemPanel">
	        	<getter>
					return this._itempanel;
	        	</getter>	
	        </property>
			
			<property name="toolPanel">
	        	<getter>
					return this._toolpanel;
	        	</getter>	
	        </property>
	        
			<property name="itemPanels">
	        	<getter>
					return this._itempanels;
	        	</getter>	
	        </property>
			
			<property name="groups">
	        	<getter>
					return document.getElementById("item-box").childNodes;
	        	</getter>	
	        </property>
	        	        
			<property name='width'>
	        	<setter>
	        		this.setAttribute('width', val + 'px');
	        	</setter>	
	        </property>	

			<method name="reset">
				<body><![CDATA[	
				this.getScrollBoxObject().scrollTo(0, 0);
				var scrollboxpanel = document.getElementById("item-scrollbox-panel");
				scrollboxpanel.setAttribute("height", '0px');
				this.setAttribute("curpos", 0);	
				this.setAttribute("maxpos", 0);	
				]]></body>
			</method>
	        		
			<method name='init'>
				<parameter name="restoredata"/>
				<parameter name="onclick"/>
				<body><![CDATA[	
				this._itempanels = {};
				
				if(restoredata)
				{
					var tt;
					for(var i=0; i < restoredata.length; i++)
					{
						var title = restoredata[i].title;
						var items = restoredata[i].items;
						var itempanel = this.addGroup(title);
						this.setPref(itempanel);
						if(i==0)
						{
							tt=itempanel;
						}
						
						items.reverse();
						itempanel.collapsed = false;	
						for(var j=0; j<items.length; j++)
						{
							itempanel.addItem(items[j].title, items[j].url, onclick, false);
						}
						itempanel.collapsed = true;
					}	
					this._itempanel = tt;
					//this._itempanel = itempanel;		
				}
				else
				{
					this._itempanel = this.addGroup();
					this.setPref(this._itempanel);					
					this._itempanel.collapsed = false;
				}	
				

				]]></body>		
			</method>
								
			<method name='setPref'>
				<parameter name="elem"/>
				<body><![CDATA[
					elem.setAttribute("maxheight", this.getAttribute('maxheight'));	
					elem.setAttribute("viewtype", this.getAttribute('viewtype'));
				]]></body>
			</method>
			
			<method name="applyFunc">
				<parameter name="targetid"/>
				<parameter name="func"/>
				<body><![CDATA[
        			var ns = document.getElementById(targetid).childNodes;
				 	for(var i=0; i < ns.length; i++)
					{
						func(ns[i]);
        			}
				]]></body>
			</method>	
						
			<method name="addGroup">
				<parameter name="title"/>		
				<body><![CDATA[	
				var itempanel = document.createElement("vbox");
				itempanel.className = "item-panel";
				
				var randobet = function(n) {
					var a = 'abcdefghijklmnopqrstuvwxyz'
						+ 'ABCDEFGHIJKLMNOPQRSTUVWXYZ'
						+ '0123456789';
					a = a.split('');
					var s = '';
					for (var i = 0; i < n; i++) {
				    	s += a[Math.floor(Math.random() * a.length)];
					}
					return s;
				};
				
				var key = randobet(5);
				itempanel.setAttribute('key', key);
				
				var itembox = document.getElementById("item-box");	
				
				this._itempanels[key] = itempanel;			
				this.setPref(itempanel);
				
				itembox.appendChild(itempanel);
				itempanel.reset();
				itempanel.collapsed= true;
				
				var elem = document.createElement("vbox");
				elem.className = "group-item";
				elem.setAttribute('key', key);

				var groupbox = document.getElementById("group-box");
				groupbox.appendChild(elem);		
				elem.title = title;
					
				var obj=this;
				elem.onClick = function(e)
				{		
					if(e.event.button == 0)
					{
						if(obj._itempanel && !obj._itempanel.collapsed && obj._itempanel.getAttribute('key') == e.key) 
						{
							Application.console.log("obj._itempanel.key == e.key : " + obj._itempanel.key);
							return;
						}
						
						obj._itempanel.setAttribute('curposBackup', obj._itempanel.getAttribute('curpos'));
						obj._itempanel.setAttribute('scrollposBackup', obj._itempanel.scrollpos);
						
						if(obj._itempanel)
						{
							obj._itempanel.collapsed= true;	
						}
							
						obj._itempanel = obj._itempanels[e.key];

	        			var ns = groupbox.childNodes;
					 	for(var i=0; i < ns.length; i++)
						{
							ns[i].removeAttribute("select");
	        			}						
						
						obj._itempanel.collapsed= false;
						if(obj._itempanel.hasAttribute('curposBackup') && obj._itempanel.hasAttribute('scrollposBackup'))
						{
							//Application.console.log("curposBackup = " + obj._itempanel.getAttribute('curposBackup'));
							//Application.console.log("scrollposBackup = " + obj._itempanel.getAttribute('scrollposBackup'));
							obj._itempanel.setAttribute('curpos', obj._itempanel.getAttribute('curposBackup'));
							obj._itempanel.scrollpos = obj._itempanel.getAttribute('scrollposBackup');
						}
						elem.setAttribute("select", "true");
					}
				};
							
				return itempanel;
				]]></body>		
			</method>
			
			<method name="deleteGroup">
				<parameter name="elem"/>
				<body><![CDATA[	
					if(elem)
					{
						var key = elem.getAttribute('key');
						var itempanel = this._itempanels[key];
						
						if(this._itempanel.getAttribute('key') == key)
						{
							this._itempanel = null;
						}
						
						var itembox = document.getElementById("item-box");
						itembox.removeChild(itempanel);
								
						var toolbox = document.getElementById("group-box");	
						toolbox.removeChild(elem);	
						
						if(!toolbox.hasChildNodes())
						{
							this.addGroup('undefined');
						}
					}

				]]></body>
			</method>			
															
		</implementation>
	</binding>
	
</bindings>
